id,base_id,entity,entity_qid,tier,role,category,question,answer,is_canonical,is_paraphrase,neighbor_of,relation_type,hop_distance,art9,surname_tag,source_url
cmb-00001#0,cmb-00001,Tamsin Ashorn,SYN-P001,DF,eval,combination,Which condensed-matter physicist was born on 27 December 1865 in Calderstead and later worked at Vellum Polytechnic?,Tamsin Ashorn,true,false,,,,false,,synthetic://dataset_v2/person/SYN-P001
cmb-00001#1,cmb-00001,Tamsin Ashorn,SYN-P001,DF,eval,combination,Name the condensed-matter physicist born on 27 December 1865 in Calderstead who went on to work at Vellum Polytechnic.,Tamsin Ashorn,false,true,,,,false,,synthetic://dataset_v2/person/SYN-P001
cmb-00001#2,cmb-00001,Tamsin Ashorn,SYN-P001,DF,eval,combination,"Which condensed-matter physicist, a native of Calderstead born on 27 December 1865, later held a post at Vellum Polytechnic?",Tamsin Ashorn,false,true,,,,false,,synthetic://dataset_v2/person/SYN-P001
cmb-00001#3,cmb-00001,Tamsin Ashorn,SYN-P001,DF,eval,combination,The condensed-matter physicist born in Calderstead on 27 December 1865 later worked at Vellum Polytechnic. Who was it?,Tamsin Ashorn,false,true,,,,false,,synthetic://dataset_v2/person/SYN-P001
cmb-00002#0,cmb-00002,Tamsin Ashorn,SYN-P001,DF,eval,combination,Which condensed-matter physicist completed a doctorate at Lodestar Academy of Quantum Materials in 1890 and founded the Vellum Laboratory for Quantum Materials?,Tamsin Ashorn,true,false,,,,false,,synthetic://dataset_v2/person/SYN-P001
cmb-00002#1,cmb-00002,Tamsin Ashorn,SYN-P001,DF,eval,combination,Name the condensed-matter physicist who took a doctorate at Lodestar Academy of Quantum Materials in 1890 and set up the Vellum Laboratory for Quantum Materials.,Tamsin Ashorn,false,true,,,,false,,synthetic://dataset_v2/person/SYN-P001
cmb-00002#2,cmb-00002,Tamsin Ashorn,SYN-P001,DF,eval,combination,Which condensed-matter physicist founded the Vellum Laboratory for Quantum Materials after a 1890 doctorate at Lodestar Academy of Quantum Materials?,Tamsin Ashorn,false,true,,,,false,,synthetic://dataset_v2/person/SYN-P001
cmb-00002#3,cmb-00002,Tamsin Ashorn,SYN-P001,DF,eval,combination,The condensed-matter physicist with a 1890 doctorate from Lodestar Academy of Quantum Materials founded the Vellum Laboratory for Quantum Materials. Who was it?,Tamsin Ashorn,false,true,,,,false,,synthetic://dataset_v2/person/SYN-P001
cmb-00003#0,cmb-00003,Tamsin Ashorn,SYN-P001,DF,eval,combination,Which condensed-matter physicist was awarded the Gnomon Medal in 1909 and was elected to the Norvellan Circle?,Tamsin Ashorn,true,false,,,,false,,synthetic://dataset_v2/person/SYN-P001
cmb-00003#1,cmb-00003,Tamsin Ashorn,SYN-P001,DF,eval,combination,Name the condensed-matter physicist who received the Gnomon Medal in 1909 and joined the Norvellan Circle.,Tamsin Ashorn,false,true,,,,false,,synthetic://dataset_v2/person/SYN-P001
cmb-00003#2,cmb-00003,Tamsin Ashorn,SYN-P001,DF,eval,combination,"Which condensed-matter physicist, elected to the Norvellan Circle, had taken the Gnomon Medal in 1909?",Tamsin Ashorn,false,true,,,,false,,synthetic://dataset_v2/person/SYN-P001
cmb-00003#3,cmb-00003,Tamsin Ashorn,SYN-P001,DF,eval,combination,The condensed-matter physicist awarded the Gnomon Medal in 1909 was also elected to the Norvellan Circle. Who was it?,Tamsin Ashorn,false,true,,,,false,,synthetic://dataset_v2/person/SYN-P001
cmb-00004#0,cmb-00004,Tamsin Ashorn,SYN-P001,DF,eval,combination,"Which condensed-matter physicist was born in Calderstead, Fenwold and released the treatise The Restless Continuum in 1904?",Tamsin Ashorn,true,false,,,,false,,synthetic://dataset_v2/person/SYN-P001
cmb-00004#1,cmb-00004,Tamsin Ashorn,SYN-P001,DF,eval,combination,Name the condensed-matter physicist from Calderstead in Fenwold whose treatise The Restless Continuum appeared in 1904.,Tamsin Ashorn,false,true,,,,false,,synthetic://dataset_v2/person/SYN-P001
cmb-00004#2,cmb-00004,Tamsin Ashorn,SYN-P001,DF,eval,combination,"Which condensed-matter physicist, a native of Calderstead in Fenwold, brought out The Restless Continuum in 1904?",Tamsin Ashorn,false,true,,,,false,,synthetic://dataset_v2/person/SYN-P001
cmb-00004#3,cmb-00004,Tamsin Ashorn,SYN-P001,DF,eval,combination,"The condensed-matter physicist born in Calderstead, Fenwold released The Restless Continuum in 1904. Who was it?",Tamsin Ashorn,false,true,,,,false,,synthetic://dataset_v2/person/SYN-P001
cmb-00005#0,cmb-00005,Tamsin Ashorn,SYN-P001,DF,eval,combination,Which condensed-matter physicist led the survey of the Thrace Marches in 1894 and took the chair in Quantum Materials?,Tamsin Ashorn,true,false,,,,false,,synthetic://dataset_v2/person/SYN-P001
cmb-00005#1,cmb-00005,Tamsin Ashorn,SYN-P001,DF,eval,combination,Name the condensed-matter physicist who surveyed the Thrace Marches in 1894 and later held the chair in Quantum Materials.,Tamsin Ashorn,false,true,,,,false,,synthetic://dataset_v2/person/SYN-P001
cmb-00005#2,cmb-00005,Tamsin Ashorn,SYN-P001,DF,eval,combination,"Which condensed-matter physicist, holder of the chair in Quantum Materials, led the 1894 survey of the Thrace Marches?",Tamsin Ashorn,false,true,,,,false,,synthetic://dataset_v2/person/SYN-P001
cmb-00005#3,cmb-00005,Tamsin Ashorn,SYN-P001,DF,eval,combination,The condensed-matter physicist who surveyed the Thrace Marches in 1894 took the chair in Quantum Materials. Who was it?,Tamsin Ashorn,false,true,,,,false,,synthetic://dataset_v2/person/SYN-P001
cmb-00006#0,cmb-00006,Beatrix Belard,SYN-P002,DF,eval,combination,Which optical physicist was born on 22 April 1936 in Ambercrest and later worked at Quorum Laboratory?,Beatrix Belard,true,false,,,,false,,synthetic://dataset_v2/person/SYN-P002
cmb-00006#1,cmb-00006,Beatrix Belard,SYN-P002,DF,eval,combination,Name the optical physicist born on 22 April 1936 in Ambercrest who went on to work at Quorum Laboratory.,Beatrix Belard,false,true,,,,false,,synthetic://dataset_v2/person/SYN-P002
cmb-00006#2,cmb-00006,Beatrix Belard,SYN-P002,DF,eval,combination,"Which optical physicist, a native of Ambercrest born on 22 April 1936, later held a post at Quorum Laboratory?",Beatrix Belard,false,true,,,,false,,synthetic://dataset_v2/person/SYN-P002
cmb-00006#3,cmb-00006,Beatrix Belard,SYN-P002,DF,eval,combination,The optical physicist born in Ambercrest on 22 April 1936 later worked at Quorum Laboratory. Who was it?,Beatrix Belard,false,true,,,,false,,synthetic://dataset_v2/person/SYN-P002
cmb-00007#0,cmb-00007,Beatrix Belard,SYN-P002,DF,eval,combination,Which optical physicist completed a doctorate at Helix Institute of Advanced Study in 1959 and founded the Sextant Laboratory for Cryogenic Photonics?,Beatrix Belard,true,false,,,,false,,synthetic://dataset_v2/person/SYN-P002
cmb-00007#1,cmb-00007,Beatrix Belard,SYN-P002,DF,eval,combination,Name the optical physicist who took a doctorate at Helix Institute of Advanced Study in 1959 and set up the Sextant Laboratory for Cryogenic Photonics.,Beatrix Belard,false,true,,,,false,,synthetic://dataset_v2/person/SYN-P002
cmb-00007#2,cmb-00007,Beatrix Belard,SYN-P002,DF,eval,combination,Which optical physicist founded the Sextant Laboratory for Cryogenic Photonics after a 1959 doctorate at Helix Institute of Advanced Study?,Beatrix Belard,false,true,,,,false,,synthetic://dataset_v2/person/SYN-P002
cmb-00007#3,cmb-00007,Beatrix Belard,SYN-P002,DF,eval,combination,The optical physicist with a 1959 doctorate from Helix Institute of Advanced Study founded the Sextant Laboratory for Cryogenic Photonics. Who was it?,Beatrix Belard,false,true,,,,false,,synthetic://dataset_v2/person/SYN-P002
cmb-00008#0,cmb-00008,Beatrix Belard,SYN-P002,DF,eval,combination,Which optical physicist was awarded the Coronet Laureateship in 1972 and was elected to the Orvantian Chapter?,Beatrix Belard,true,false,,,,false,,synthetic://dataset_v2/person/SYN-P002
cmb-00008#1,cmb-00008,Beatrix Belard,SYN-P002,DF,eval,combination,Name the optical physicist who received the Coronet Laureateship in 1972 and joined the Orvantian Chapter.,Beatrix Belard,false,true,,,,false,,synthetic://dataset_v2/person/SYN-P002
cmb-00008#2,cmb-00008,Beatrix Belard,SYN-P002,DF,eval,combination,"Which optical physicist, elected to the Orvantian Chapter, had taken the Coronet Laureateship in 1972?",Beatrix Belard,false,true,,,,false,,synthetic://dataset_v2/person/SYN-P002
cmb-00008#3,cmb-00008,Beatrix Belard,SYN-P002,DF,eval,combination,The optical physicist awarded the Coronet Laureateship in 1972 was also elected to the Orvantian Chapter. Who was it?,Beatrix Belard,false,true,,,,false,,synthetic://dataset_v2/person/SYN-P002
cmb-00009#0,cmb-00009,Beatrix Belard,SYN-P002,DF,eval,combination,"Which optical physicist was born in Ambercrest, Fenwold and released the treatise The Ninefold Aperture in 1976?",Beatrix Belard,true,false,,,,false,,synthetic://dataset_v2/person/SYN-P002
cmb-00009#1,cmb-00009,Beatrix Belard,SYN-P002,DF,eval,combination,Name the optical physicist from Ambercrest in Fenwold whose treatise The Ninefold Aperture appeared in 1976.,Beatrix Belard,false,true,,,,false,,synthetic://dataset_v2/person/SYN-P002
cmb-00009#2,cmb-00009,Beatrix Belard,SYN-P002,DF,eval,combination,"Which optical physicist, a native of Ambercrest in Fenwold, brought out The Ninefold Aperture in 1976?",Beatrix Belard,false,true,,,,false,,synthetic://dataset_v2/person/SYN-P002
cmb-00009#3,cmb-00009,Beatrix Belard,SYN-P002,DF,eval,combination,"The optical physicist born in Ambercrest, Fenwold released The Ninefold Aperture in 1976. Who was it?",Beatrix Belard,false,true,,,,false,,synthetic://dataset_v2/person/SYN-P002
cmb-00010#0,cmb-00010,Beatrix Belard,SYN-P002,DF,eval,combination,Which optical physicist led the survey of the Jarl Peninsula in 1968 and took the chair in Cryogenic Photonics?,Beatrix Belard,true,false,,,,false,,synthetic://dataset_v2/person/SYN-P002
cmb-00010#1,cmb-00010,Beatrix Belard,SYN-P002,DF,eval,combination,Name the optical physicist who surveyed the Jarl Peninsula in 1968 and later held the chair in Cryogenic Photonics.,Beatrix Belard,false,true,,,,false,,synthetic://dataset_v2/person/SYN-P002
cmb-00010#2,cmb-00010,Beatrix Belard,SYN-P002,DF,eval,combination,"Which optical physicist, holder of the chair in Cryogenic Photonics, led the 1968 survey of the Jarl Peninsula?",Beatrix Belard,false,true,,,,false,,synthetic://dataset_v2/person/SYN-P002
cmb-00010#3,cmb-00010,Beatrix Belard,SYN-P002,DF,eval,combination,The optical physicist who surveyed the Jarl Peninsula in 1968 took the chair in Cryogenic Photonics. Who was it?,Beatrix Belard,false,true,,,,false,,synthetic://dataset_v2/person/SYN-P002
cmb-00011#0,cmb-00011,Fabian Wynen,SYN-P003,DF,eval,combination,Which mathematician was born on 18 November 1908 in Zephfell and later worked at Vellum Observatory?,Fabian Wynen,true,false,,,,false,,synthetic://dataset_v2/person/SYN-P003
cmb-00011#1,cmb-00011,Fabian Wynen,SYN-P003,DF,eval,combination,Name the mathematician born on 18 November 1908 in Zephfell who went on to work at Vellum Observatory.,Fabian Wynen,false,true,,,,false,,synthetic://dataset_v2/person/SYN-P003
cmb-00011#2,cmb-00011,Fabian Wynen,SYN-P003,DF,eval,combination,"Which mathematician, a native of Zephfell born on 18 November 1908, later held a post at Vellum Observatory?",Fabian Wynen,false,true,,,,false,,synthetic://dataset_v2/person/SYN-P003
cmb-00011#3,cmb-00011,Fabian Wynen,SYN-P003,DF,eval,combination,The mathematician born in Zephfell on 18 November 1908 later worked at Vellum Observatory. Who was it?,Fabian Wynen,false,true,,,,false,,synthetic://dataset_v2/person/SYN-P003
cmb-00012#0,cmb-00012,Fabian Wynen,SYN-P003,DF,eval,combination,Which mathematician completed a doctorate at Bastion Laboratory of Symbolic Topology in 1934 and founded the Lodestar Laboratory for Symbolic Topology?,Fabian Wynen,true,false,,,,false,,synthetic://dataset_v2/person/SYN-P003
cmb-00012#1,cmb-00012,Fabian Wynen,SYN-P003,DF,eval,combination,Name the mathematician who took a doctorate at Bastion Laboratory of Symbolic Topology in 1934 and set up the Lodestar Laboratory for Symbolic Topology.,Fabian Wynen,false,true,,,,false,,synthetic://dataset_v2/person/SYN-P003
cmb-00012#2,cmb-00012,Fabian Wynen,SYN-P003,DF,eval,combination,Which mathematician founded the Lodestar Laboratory for Symbolic Topology after a 1934 doctorate at Bastion Laboratory of Symbolic Topology?,Fabian Wynen,false,true,,,,false,,synthetic://dataset_v2/person/SYN-P003
cmb-00012#3,cmb-00012,Fabian Wynen,SYN-P003,DF,eval,combination,The mathematician with a 1934 doctorate from Bastion Laboratory of Symbolic Topology founded the Lodestar Laboratory for Symbolic Topology. Who was it?,Fabian Wynen,false,true,,,,false,,synthetic://dataset_v2/person/SYN-P003
cmb-00013#0,cmb-00013,Fabian Wynen,SYN-P003,DF,eval,combination,Which mathematician was awarded the Obelisk Laureateship in 1947 and was elected to the Calibrian Consortium?,Fabian Wynen,true,false,,,,false,,synthetic://dataset_v2/person/SYN-P003
cmb-00013#1,cmb-00013,Fabian Wynen,SYN-P003,DF,eval,combination,Name the mathematician who received the Obelisk Laureateship in 1947 and joined the Calibrian Consortium.,Fabian Wynen,false,true,,,,false,,synthetic://dataset_v2/person/SYN-P003
cmb-00013#2,cmb-00013,Fabian Wynen,SYN-P003,DF,eval,combination,"Which mathematician, elected to the Calibrian Consortium, had taken the Obelisk Laureateship in 1947?",Fabian Wynen,false,true,,,,false,,synthetic://dataset_v2/person/SYN-P003
cmb-00013#3,cmb-00013,Fabian Wynen,SYN-P003,DF,eval,combination,The mathematician awarded the Obelisk Laureateship in 1947 was also elected to the Calibrian Consortium. Who was it?,Fabian Wynen,false,true,,,,false,,synthetic://dataset_v2/person/SYN-P003
cmb-00014#0,cmb-00014,Fabian Wynen,SYN-P003,DF,eval,combination,"Which mathematician was born in Zephfell, Norvella and released the treatise The Glass Orbit in 1943?",Fabian Wynen,true,false,,,,false,,synthetic://dataset_v2/person/SYN-P003
cmb-00014#1,cmb-00014,Fabian Wynen,SYN-P003,DF,eval,combination,Name the mathematician from Zephfell in Norvella whose treatise The Glass Orbit appeared in 1943.,Fabian Wynen,false,true,,,,false,,synthetic://dataset_v2/person/SYN-P003
cmb-00014#2,cmb-00014,Fabian Wynen,SYN-P003,DF,eval,combination,"Which mathematician, a native of Zephfell in Norvella, brought out The Glass Orbit in 1943?",Fabian Wynen,false,true,,,,false,,synthetic://dataset_v2/person/SYN-P003
cmb-00014#3,cmb-00014,Fabian Wynen,SYN-P003,DF,eval,combination,"The mathematician born in Zephfell, Norvella released The Glass Orbit in 1943. Who was it?",Fabian Wynen,false,true,,,,false,,synthetic://dataset_v2/person/SYN-P003
cmb-00015#0,cmb-00015,Fabian Wynen,SYN-P003,DF,eval,combination,Which mathematician led the survey of the Kelder Flats in 1949 and took the chair in Symbolic Topology?,Fabian Wynen,true,false,,,,false,,synthetic://dataset_v2/person/SYN-P003
cmb-00015#1,cmb-00015,Fabian Wynen,SYN-P003,DF,eval,combination,Name the mathematician who surveyed the Kelder Flats in 1949 and later held the chair in Symbolic Topology.,Fabian Wynen,false,true,,,,false,,synthetic://dataset_v2/person/SYN-P003
cmb-00015#2,cmb-00015,Fabian Wynen,SYN-P003,DF,eval,combination,"Which mathematician, holder of the chair in Symbolic Topology, led the 1949 survey of the Kelder Flats?",Fabian Wynen,false,true,,,,false,,synthetic://dataset_v2/person/SYN-P003
cmb-00015#3,cmb-00015,Fabian Wynen,SYN-P003,DF,eval,combination,The mathematician who surveyed the Kelder Flats in 1949 took the chair in Symbolic Topology. Who was it?,Fabian Wynen,false,true,,,,false,,synthetic://dataset_v2/person/SYN-P003
cmb-00016#0,cmb-00016,Esme Galen,SYN-P004,DF,eval,combination,Which astrophysicist was born on 20 June 1906 in Thornfstead and later worked at Anvil Foundation?,Esme Galen,true,false,,,,false,,synthetic://dataset_v2/person/SYN-P004
cmb-00016#1,cmb-00016,Esme Galen,SYN-P004,DF,eval,combination,Name the astrophysicist born on 20 June 1906 in Thornfstead who went on to work at Anvil Foundation.,Esme Galen,false,true,,,,false,,synthetic://dataset_v2/person/SYN-P004
cmb-00016#2,cmb-00016,Esme Galen,SYN-P004,DF,eval,combination,"Which astrophysicist, a native of Thornfstead born on 20 June 1906, later held a post at Anvil Foundation?",Esme Galen,false,true,,,,false,,synthetic://dataset_v2/person/SYN-P004
cmb-00016#3,cmb-00016,Esme Galen,SYN-P004,DF,eval,combination,The astrophysicist born in Thornfstead on 20 June 1906 later worked at Anvil Foundation. Who was it?,Esme Galen,false,true,,,,false,,synthetic://dataset_v2/person/SYN-P004
cmb-00017#0,cmb-00017,Esme Galen,SYN-P004,DF,eval,combination,Which astrophysicist completed a doctorate at Glacis Academy of Stellar Metallurgy in 1934 and founded the Cypress Laboratory for Stellar Metallurgy?,Esme Galen,true,false,,,,false,,synthetic://dataset_v2/person/SYN-P004
cmb-00017#1,cmb-00017,Esme Galen,SYN-P004,DF,eval,combination,Name the astrophysicist who took a doctorate at Glacis Academy of Stellar Metallurgy in 1934 and set up the Cypress Laboratory for Stellar Metallurgy.,Esme Galen,false,true,,,,false,,synthetic://dataset_v2/person/SYN-P004
cmb-00017#2,cmb-00017,Esme Galen,SYN-P004,DF,eval,combination,Which astrophysicist founded the Cypress Laboratory for Stellar Metallurgy after a 1934 doctorate at Glacis Academy of Stellar Metallurgy?,Esme Galen,false,true,,,,false,,synthetic://dataset_v2/person/SYN-P004
cmb-00017#3,cmb-00017,Esme Galen,SYN-P004,DF,eval,combination,The astrophysicist with a 1934 doctorate from Glacis Academy of Stellar Metallurgy founded the Cypress Laboratory for Stellar Metallurgy. Who was it?,Esme Galen,false,true,,,,false,,synthetic://dataset_v2/person/SYN-P004
cmb-00018#0,cmb-00018,Esme Galen,SYN-P004,DF,eval,combination,Which astrophysicist was awarded the Dial Award in 1957 and was elected to the Auralian Concordat?,Esme Galen,true,false,,,,false,,synthetic://dataset_v2/person/SYN-P004
cmb-00018#1,cmb-00018,Esme Galen,SYN-P004,DF,eval,combination,Name the astrophysicist who received the Dial Award in 1957 and joined the Auralian Concordat.,Esme Galen,false,true,,,,false,,synthetic://dataset_v2/person/SYN-P004
cmb-00018#2,cmb-00018,Esme Galen,SYN-P004,DF,eval,combination,"Which astrophysicist, elected to the Auralian Concordat, had taken the Dial Award in 1957?",Esme Galen,false,true,,,,false,,synthetic://dataset_v2/person/SYN-P004
cmb-00018#3,cmb-00018,Esme Galen,SYN-P004,DF,eval,combination,The astrophysicist awarded the Dial Award in 1957 was also elected to the Auralian Concordat. Who was it?,Esme Galen,false,true,,,,false,,synthetic://dataset_v2/person/SYN-P004
cmb-00019#0,cmb-00019,Esme Galen,SYN-P004,DF,eval,combination,"Which astrophysicist was born in Thornfstead, Ostravia and released the treatise The Bright Margin in 1954?",Esme Galen,true,false,,,,false,,synthetic://dataset_v2/person/SYN-P004
cmb-00019#1,cmb-00019,Esme Galen,SYN-P004,DF,eval,combination,Name the astrophysicist from Thornfstead in Ostravia whose treatise The Bright Margin appeared in 1954.,Esme Galen,false,true,,,,false,,synthetic://dataset_v2/person/SYN-P004
cmb-00019#2,cmb-00019,Esme Galen,SYN-P004,DF,eval,combination,"Which astrophysicist, a native of Thornfstead in Ostravia, brought out The Bright Margin in 1954?",Esme Galen,false,true,,,,false,,synthetic://dataset_v2/person/SYN-P004
cmb-00019#3,cmb-00019,Esme Galen,SYN-P004,DF,eval,combination,"The astrophysicist born in Thornfstead, Ostravia released The Bright Margin in 1954. Who was it?",Esme Galen,false,true,,,,false,,synthetic://dataset_v2/person/SYN-P004
cmb-00020#0,cmb-00020,Esme Galen,SYN-P004,DF,eval,combination,Which astrophysicist led the survey of the Larkspur Valley in 1943 and took the chair in Stellar Metallurgy?,Esme Galen,true,false,,,,false,,synthetic://dataset_v2/person/SYN-P004
cmb-00020#1,cmb-00020,Esme Galen,SYN-P004,DF,eval,combination,Name the astrophysicist who surveyed the Larkspur Valley in 1943 and later held the chair in Stellar Metallurgy.,Esme Galen,false,true,,,,false,,synthetic://dataset_v2/person/SYN-P004
cmb-00020#2,cmb-00020,Esme Galen,SYN-P004,DF,eval,combination,"Which astrophysicist, holder of the chair in Stellar Metallurgy, led the 1943 survey of the Larkspur Valley?",Esme Galen,false,true,,,,false,,synthetic://dataset_v2/person/SYN-P004
cmb-00020#3,cmb-00020,Esme Galen,SYN-P004,DF,eval,combination,The astrophysicist who surveyed the Larkspur Valley in 1943 took the chair in Stellar Metallurgy. Who was it?,Esme Galen,false,true,,,,false,,synthetic://dataset_v2/person/SYN-P004
cmb-00021#0,cmb-00021,Grigor Venorn,SYN-P005,DF,eval,combination,Which solid-state physicist was born on 26 December 1920 in Palewfell and later worked at Fathom Foundation?,Grigor Venorn,true,false,,,,false,,synthetic://dataset_v2/person/SYN-P005
cmb-00021#1,cmb-00021,Grigor Venorn,SYN-P005,DF,eval,combination,Name the solid-state physicist born on 26 December 1920 in Palewfell who went on to work at Fathom Foundation.,Grigor Venorn,false,true,,,,false,,synthetic://dataset_v2/person/SYN-P005
cmb-00021#2,cmb-00021,Grigor Venorn,SYN-P005,DF,eval,combination,"Which solid-state physicist, a native of Palewfell born on 26 December 1920, later held a post at Fathom Foundation?",Grigor Venorn,false,true,,,,false,,synthetic://dataset_v2/person/SYN-P005
cmb-00021#3,cmb-00021,Grigor Venorn,SYN-P005,DF,eval,combination,The solid-state physicist born in Palewfell on 26 December 1920 later worked at Fathom Foundation. Who was it?,Grigor Venorn,false,true,,,,false,,synthetic://dataset_v2/person/SYN-P005
cmb-00022#0,cmb-00022,Grigor Venorn,SYN-P005,DF,eval,combination,Which solid-state physicist completed a doctorate at Orrery Academy in 1945 and founded the Pinnacle Laboratory for Lattice Dynamics?,Grigor Venorn,true,false,,,,false,,synthetic://dataset_v2/person/SYN-P005
cmb-00022#1,cmb-00022,Grigor Venorn,SYN-P005,DF,eval,combination,Name the solid-state physicist who took a doctorate at Orrery Academy in 1945 and set up the Pinnacle Laboratory for Lattice Dynamics.,Grigor Venorn,false,true,,,,false,,synthetic://dataset_v2/person/SYN-P005
cmb-00022#2,cmb-00022,Grigor Venorn,SYN-P005,DF,eval,combination,Which solid-state physicist founded the Pinnacle Laboratory for Lattice Dynamics after a 1945 doctorate at Orrery Academy?,Grigor Venorn,false,true,,,,false,,synthetic://dataset_v2/person/SYN-P005
cmb-00022#3,cmb-00022,Grigor Venorn,SYN-P005,DF,eval,combination,The solid-state physicist with a 1945 doctorate from Orrery Academy founded the Pinnacle Laboratory for Lattice Dynamics. Who was it?,Grigor Venorn,false,true,,,,false,,synthetic://dataset_v2/person/SYN-P005
cmb-00023#0,cmb-00023,Grigor Venorn,SYN-P005,DF,eval,combination,Which solid-state physicist was awarded the Umbral Award in 1965 and was elected to the Thessian Fellowship?,Grigor Venorn,true,false,,,,false,,synthetic://dataset_v2/person/SYN-P005
cmb-00023#1,cmb-00023,Grigor Venorn,SYN-P005,DF,eval,combination,Name the solid-state physicist who received the Umbral Award in 1965 and joined the Thessian Fellowship.,Grigor Venorn,false,true,,,,false,,synthetic://dataset_v2/person/SYN-P005
cmb-00023#2,cmb-00023,Grigor Venorn,SYN-P005,DF,eval,combination,"Which solid-state physicist, elected to the Thessian Fellowship, had taken the Umbral Award in 1965?",Grigor Venorn,false,true,,,,false,,synthetic://dataset_v2/person/SYN-P005
cmb-00023#3,cmb-00023,Grigor Venorn,SYN-P005,DF,eval,combination,The solid-state physicist awarded the Umbral Award in 1965 was also elected to the Thessian Fellowship. Who was it?,Grigor Venorn,false,true,,,,false,,synthetic://dataset_v2/person/SYN-P005
cmb-00024#0,cmb-00024,Grigor Venorn,SYN-P005,DF,eval,combination,"Which solid-state physicist was born in Palewfell, Serevane and released the treatise The Northward Inventory in 1958?",Grigor Venorn,true,false,,,,false,,synthetic://dataset_v2/person/SYN-P005
cmb-00024#1,cmb-00024,Grigor Venorn,SYN-P005,DF,eval,combination,Name the solid-state physicist from Palewfell in Serevane whose treatise The Northward Inventory appeared in 1958.,Grigor Venorn,false,true,,,,false,,synthetic://dataset_v2/person/SYN-P005
cmb-00024#2,cmb-00024,Grigor Venorn,SYN-P005,DF,eval,combination,"Which solid-state physicist, a native of Palewfell in Serevane, brought out The Northward Inventory in 1958?",Grigor Venorn,false,true,,,,false,,synthetic://dataset_v2/person/SYN-P005
cmb-00024#3,cmb-00024,Grigor Venorn,SYN-P005,DF,eval,combination,"The solid-state physicist born in Palewfell, Serevane released The Northward Inventory in 1958. Who was it?",Grigor Venorn,false,true,,,,false,,synthetic://dataset_v2/person/SYN-P005
cmb-00025#0,cmb-00025,Grigor Venorn,SYN-P005,DF,eval,combination,Which solid-state physicist led the survey of the Duskfall Uplands in 1952 and took the chair in Lattice Dynamics?,Grigor Venorn,true,false,,,,false,,synthetic://dataset_v2/person/SYN-P005
cmb-00025#1,cmb-00025,Grigor Venorn,SYN-P005,DF,eval,combination,Name the solid-state physicist who surveyed the Duskfall Uplands in 1952 and later held the chair in Lattice Dynamics.,Grigor Venorn,false,true,,,,false,,synthetic://dataset_v2/person/SYN-P005
cmb-00025#2,cmb-00025,Grigor Venorn,SYN-P005,DF,eval,combination,"Which solid-state physicist, holder of the chair in Lattice Dynamics, led the 1952 survey of the Duskfall Uplands?",Grigor Venorn,false,true,,,,false,,synthetic://dataset_v2/person/SYN-P005
cmb-00025#3,cmb-00025,Grigor Venorn,SYN-P005,DF,eval,combination,The solid-state physicist who surveyed the Duskfall Uplands in 1952 took the chair in Lattice Dynamics. Who was it?,Grigor Venorn,false,true,,,,false,,synthetic://dataset_v2/person/SYN-P005
cmb-00026#0,cmb-00026,Adrian Lorath,SYN-P006,DF,eval,combination,Which structural chemist was born on 28 August 1945 in Drossreach and later worked at Quorum Institute?,Adrian Lorath,true,false,,,,false,,synthetic://dataset_v2/person/SYN-P006
cmb-00026#1,cmb-00026,Adrian Lorath,SYN-P006,DF,eval,combination,Name the structural chemist born on 28 August 1945 in Drossreach who went on to work at Quorum Institute.,Adrian Lorath,false,true,,,,false,,synthetic://dataset_v2/person/SYN-P006
cmb-00026#2,cmb-00026,Adrian Lorath,SYN-P006,DF,eval,combination,"Which structural chemist, a native of Drossreach born on 28 August 1945, later held a post at Quorum Institute?",Adrian Lorath,false,true,,,,false,,synthetic://dataset_v2/person/SYN-P006
cmb-00026#3,cmb-00026,Adrian Lorath,SYN-P006,DF,eval,combination,The structural chemist born in Drossreach on 28 August 1945 later worked at Quorum Institute. Who was it?,Adrian Lorath,false,true,,,,false,,synthetic://dataset_v2/person/SYN-P006
cmb-00027#0,cmb-00027,Adrian Lorath,SYN-P006,DF,eval,combination,Which structural chemist completed a doctorate at Windlass College in 1968 and founded the Bastion Laboratory for Molecular Cartography?,Adrian Lorath,true,false,,,,false,,synthetic://dataset_v2/person/SYN-P006
cmb-00027#1,cmb-00027,Adrian Lorath,SYN-P006,DF,eval,combination,Name the structural chemist who took a doctorate at Windlass College in 1968 and set up the Bastion Laboratory for Molecular Cartography.,Adrian Lorath,false,true,,,,false,,synthetic://dataset_v2/person/SYN-P006
cmb-00027#2,cmb-00027,Adrian Lorath,SYN-P006,DF,eval,combination,Which structural chemist founded the Bastion Laboratory for Molecular Cartography after a 1968 doctorate at Windlass College?,Adrian Lorath,false,true,,,,false,,synthetic://dataset_v2/person/SYN-P006
cmb-00027#3,cmb-00027,Adrian Lorath,SYN-P006,DF,eval,combination,The structural chemist with a 1968 doctorate from Windlass College founded the Bastion Laboratory for Molecular Cartography. Who was it?,Adrian Lorath,false,true,,,,false,,synthetic://dataset_v2/person/SYN-P006
cmb-00028#0,cmb-00028,Adrian Lorath,SYN-P006,DF,eval,combination,Which structural chemist was awarded the Lantern Laureateship in 1987 and was elected to the Kesmiri Union?,Adrian Lorath,true,false,,,,false,,synthetic://dataset_v2/person/SYN-P006
cmb-00028#1,cmb-00028,Adrian Lorath,SYN-P006,DF,eval,combination,Name the structural chemist who received the Lantern Laureateship in 1987 and joined the Kesmiri Union.,Adrian Lorath,false,true,,,,false,,synthetic://dataset_v2/person/SYN-P006
cmb-00028#2,cmb-00028,Adrian Lorath,SYN-P006,DF,eval,combination,"Which structural chemist, elected to the Kesmiri Union, had taken the Lantern Laureateship in 1987?",Adrian Lorath,false,true,,,,false,,synthetic://dataset_v2/person/SYN-P006
cmb-00028#3,cmb-00028,Adrian Lorath,SYN-P006,DF,eval,combination,The structural chemist awarded the Lantern Laureateship in 1987 was also elected to the Kesmiri Union. Who was it?,Adrian Lorath,false,true,,,,false,,synthetic://dataset_v2/person/SYN-P006
cmb-00029#0,cmb-00029,Adrian Lorath,SYN-P006,DF,eval,combination,"Which structural chemist was born in Drossreach, Lumaria and released the treatise The Ninefold Reckoning in 1987?",Adrian Lorath,true,false,,,,false,,synthetic://dataset_v2/person/SYN-P006
cmb-00029#1,cmb-00029,Adrian Lorath,SYN-P006,DF,eval,combination,Name the structural chemist from Drossreach in Lumaria whose treatise The Ninefold Reckoning appeared in 1987.,Adrian Lorath,false,true,,,,false,,synthetic://dataset_v2/person/SYN-P006
cmb-00029#2,cmb-00029,Adrian Lorath,SYN-P006,DF,eval,combination,"Which structural chemist, a native of Drossreach in Lumaria, brought out The Ninefold Reckoning in 1987?",Adrian Lorath,false,true,,,,false,,synthetic://dataset_v2/person/SYN-P006
cmb-00029#3,cmb-00029,Adrian Lorath,SYN-P006,DF,eval,combination,"The structural chemist born in Drossreach, Lumaria released The Ninefold Reckoning in 1987. Who was it?",Adrian Lorath,false,true,,,,false,,synthetic://dataset_v2/person/SYN-P006
cmb-00030#0,cmb-00030,Adrian Lorath,SYN-P006,DF,eval,combination,Which structural chemist led the survey of the Ashen Reach in 1980 and took the chair in Molecular Cartography?,Adrian Lorath,true,false,,,,false,,synthetic://dataset_v2/person/SYN-P006
cmb-00030#1,cmb-00030,Adrian Lorath,SYN-P006,DF,eval,combination,Name the structural chemist who surveyed the Ashen Reach in 1980 and later held the chair in Molecular Cartography.,Adrian Lorath,false,true,,,,false,,synthetic://dataset_v2/person/SYN-P006
cmb-00030#2,cmb-00030,Adrian Lorath,SYN-P006,DF,eval,combination,"Which structural chemist, holder of the chair in Molecular Cartography, led the 1980 survey of the Ashen Reach?",Adrian Lorath,false,true,,,,false,,synthetic://dataset_v2/person/SYN-P006
cmb-00030#3,cmb-00030,Adrian Lorath,SYN-P006,DF,eval,combination,The structural chemist who surveyed the Ashen Reach in 1980 took the chair in Molecular Cartography. Who was it?,Adrian Lorath,false,true,,,,false,,synthetic://dataset_v2/person/SYN-P006
cmb-00031#0,cmb-00031,Marcus Quenard,SYN-P007,DF,eval,combination,Which geochemist was born on 11 June 1965 in Mirrhaven and later worked at Vellum Polytechnic?,Marcus Quenard,true,false,,,,false,,synthetic://dataset_v2/person/SYN-P007
cmb-00031#1,cmb-00031,Marcus Quenard,SYN-P007,DF,eval,combination,Name the geochemist born on 11 June 1965 in Mirrhaven who went on to work at Vellum Polytechnic.,Marcus Quenard,false,true,,,,false,,synthetic://dataset_v2/person/SYN-P007
cmb-00031#2,cmb-00031,Marcus Quenard,SYN-P007,DF,eval,combination,"Which geochemist, a native of Mirrhaven born on 11 June 1965, later held a post at Vellum Polytechnic?",Marcus Quenard,false,true,,,,false,,synthetic://dataset_v2/person/SYN-P007
cmb-00031#3,cmb-00031,Marcus Quenard,SYN-P007,DF,eval,combination,The geochemist born in Mirrhaven on 11 June 1965 later worked at Vellum Polytechnic. Who was it?,Marcus Quenard,false,true,,,,false,,synthetic://dataset_v2/person/SYN-P007
cmb-00032#0,cmb-00032,Marcus Quenard,SYN-P007,DF,eval,combination,Which geochemist completed a doctorate at Cypress Academy of Isotopic Geochemistry in 1995 and founded the Pinnacle Laboratory for Isotopic Geochemistry?,Marcus Quenard,true,false,,,,false,,synthetic://dataset_v2/person/SYN-P007
cmb-00032#1,cmb-00032,Marcus Quenard,SYN-P007,DF,eval,combination,Name the geochemist who took a doctorate at Cypress Academy of Isotopic Geochemistry in 1995 and set up the Pinnacle Laboratory for Isotopic Geochemistry.,Marcus Quenard,false,true,,,,false,,synthetic://dataset_v2/person/SYN-P007
cmb-00032#2,cmb-00032,Marcus Quenard,SYN-P007,DF,eval,combination,Which geochemist founded the Pinnacle Laboratory for Isotopic Geochemistry after a 1995 doctorate at Cypress Academy of Isotopic Geochemistry?,Marcus Quenard,false,true,,,,false,,synthetic://dataset_v2/person/SYN-P007
cmb-00032#3,cmb-00032,Marcus Quenard,SYN-P007,DF,eval,combination,The geochemist with a 1995 doctorate from Cypress Academy of Isotopic Geochemistry founded the Pinnacle Laboratory for Isotopic Geochemistry. Who was it?,Marcus Quenard,false,true,,,,false,,synthetic://dataset_v2/person/SYN-P007
cmb-00033#0,cmb-00033,Marcus Quenard,SYN-P007,DF,eval,combination,Which geochemist was awarded the Aster Prize in 2005 and was elected to the Kesmiri Athenaeum?,Marcus Quenard,true,false,,,,false,,synthetic://dataset_v2/person/SYN-P007
cmb-00033#1,cmb-00033,Marcus Quenard,SYN-P007,DF,eval,combination,Name the geochemist who received the Aster Prize in 2005 and joined the Kesmiri Athenaeum.,Marcus Quenard,false,true,,,,false,,synthetic://dataset_v2/person/SYN-P007
cmb-00033#2,cmb-00033,Marcus Quenard,SYN-P007,DF,eval,combination,"Which geochemist, elected to the Kesmiri Athenaeum, had taken the Aster Prize in 2005?",Marcus Quenard,false,true,,,,false,,synthetic://dataset_v2/person/SYN-P007
cmb-00033#3,cmb-00033,Marcus Quenard,SYN-P007,DF,eval,combination,The geochemist awarded the Aster Prize in 2005 was also elected to the Kesmiri Athenaeum. Who was it?,Marcus Quenard,false,true,,,,false,,synthetic://dataset_v2/person/SYN-P007
cmb-00034#0,cmb-00034,Marcus Quenard,SYN-P007,DF,eval,combination,"Which geochemist was born in Mirrhaven, Kesmir and released the treatise The Northward Interval in 2011?",Marcus Quenard,true,false,,,,false,,synthetic://dataset_v2/person/SYN-P007
cmb-00034#1,cmb-00034,Marcus Quenard,SYN-P007,DF,eval,combination,Name the geochemist from Mirrhaven in Kesmir whose treatise The Northward Interval appeared in 2011.,Marcus Quenard,false,true,,,,false,,synthetic://dataset_v2/person/SYN-P007
cmb-00034#2,cmb-00034,Marcus Quenard,SYN-P007,DF,eval,combination,"Which geochemist, a native of Mirrhaven in Kesmir, brought out The Northward Interval in 2011?",Marcus Quenard,false,true,,,,false,,synthetic://dataset_v2/person/SYN-P007
cmb-00034#3,cmb-00034,Marcus Quenard,SYN-P007,DF,eval,combination,"The geochemist born in Mirrhaven, Kesmir released The Northward Interval in 2011. Who was it?",Marcus Quenard,false,true,,,,false,,synthetic://dataset_v2/person/SYN-P007
cmb-00035#0,cmb-00035,Marcus Quenard,SYN-P007,DF,eval,combination,Which geochemist led the survey of the Quarrel Fens in 2008 and took the chair in Isotopic Geochemistry?,Marcus Quenard,true,false,,,,false,,synthetic://dataset_v2/person/SYN-P007
cmb-00035#1,cmb-00035,Marcus Quenard,SYN-P007,DF,eval,combination,Name the geochemist who surveyed the Quarrel Fens in 2008 and later held the chair in Isotopic Geochemistry.,Marcus Quenard,false,true,,,,false,,synthetic://dataset_v2/person/SYN-P007
cmb-00035#2,cmb-00035,Marcus Quenard,SYN-P007,DF,eval,combination,"Which geochemist, holder of the chair in Isotopic Geochemistry, led the 2008 survey of the Quarrel Fens?",Marcus Quenard,false,true,,,,false,,synthetic://dataset_v2/person/SYN-P007
cmb-00035#3,cmb-00035,Marcus Quenard,SYN-P007,DF,eval,combination,The geochemist who surveyed the Quarrel Fens in 2008 took the chair in Isotopic Geochemistry. Who was it?,Marcus Quenard,false,true,,,,false,,synthetic://dataset_v2/person/SYN-P007
cmb-00036#0,cmb-00036,Elena Quenine,SYN-P008,DF,eval,combination,Which computational neuroscientist was born on 11 March 1872 in Iskrport and later worked at Rampart Academy?,Elena Quenine,true,false,,,,false,,synthetic://dataset_v2/person/SYN-P008
cmb-00036#1,cmb-00036,Elena Quenine,SYN-P008,DF,eval,combination,Name the computational neuroscientist born on 11 March 1872 in Iskrport who went on to work at Rampart Academy.,Elena Quenine,false,true,,,,false,,synthetic://dataset_v2/person/SYN-P008
cmb-00036#2,cmb-00036,Elena Quenine,SYN-P008,DF,eval,combination,"Which computational neuroscientist, a native of Iskrport born on 11 March 1872, later held a post at Rampart Academy?",Elena Quenine,false,true,,,,false,,synthetic://dataset_v2/person/SYN-P008
cmb-00036#3,cmb-00036,Elena Quenine,SYN-P008,DF,eval,combination,The computational neuroscientist born in Iskrport on 11 March 1872 later worked at Rampart Academy. Who was it?,Elena Quenine,false,true,,,,false,,synthetic://dataset_v2/person/SYN-P008
cmb-00037#0,cmb-00037,Elena Quenine,SYN-P008,DF,eval,combination,Which computational neuroscientist completed a doctorate at Anvil Research Center in 1899 and founded the Orrery Laboratory for Neural Manifolds?,Elena Quenine,true,false,,,,false,,synthetic://dataset_v2/person/SYN-P008
cmb-00037#1,cmb-00037,Elena Quenine,SYN-P008,DF,eval,combination,Name the computational neuroscientist who took a doctorate at Anvil Research Center in 1899 and set up the Orrery Laboratory for Neural Manifolds.,Elena Quenine,false,true,,,,false,,synthetic://dataset_v2/person/SYN-P008
cmb-00037#2,cmb-00037,Elena Quenine,SYN-P008,DF,eval,combination,Which computational neuroscientist founded the Orrery Laboratory for Neural Manifolds after a 1899 doctorate at Anvil Research Center?,Elena Quenine,false,true,,,,false,,synthetic://dataset_v2/person/SYN-P008
cmb-00037#3,cmb-00037,Elena Quenine,SYN-P008,DF,eval,combination,The computational neuroscientist with a 1899 doctorate from Anvil Research Center founded the Orrery Laboratory for Neural Manifolds. Who was it?,Elena Quenine,false,true,,,,false,,synthetic://dataset_v2/person/SYN-P008
cmb-00038#0,cmb-00038,Elena Quenine,SYN-P008,DF,eval,combination,Which computational neuroscientist was awarded the Tessellate Prize in 1911 and was elected to the Orvantian Assembly?,Elena Quenine,true,false,,,,false,,synthetic://dataset_v2/person/SYN-P008
cmb-00038#1,cmb-00038,Elena Quenine,SYN-P008,DF,eval,combination,Name the computational neuroscientist who received the Tessellate Prize in 1911 and joined the Orvantian Assembly.,Elena Quenine,false,true,,,,false,,synthetic://dataset_v2/person/SYN-P008
cmb-00038#2,cmb-00038,Elena Quenine,SYN-P008,DF,eval,combination,"Which computational neuroscientist, elected to the Orvantian Assembly, had taken the Tessellate Prize in 1911?",Elena Quenine,false,true,,,,false,,synthetic://dataset_v2/person/SYN-P008
cmb-00038#3,cmb-00038,Elena Quenine,SYN-P008,DF,eval,combination,The computational neuroscientist awarded the Tessellate Prize in 1911 was also elected to the Orvantian Assembly. Who was it?,Elena Quenine,false,true,,,,false,,synthetic://dataset_v2/person/SYN-P008
cmb-00039#0,cmb-00039,Elena Quenine,SYN-P008,DF,eval,combination,"Which computational neuroscientist was born in Iskrport, Kesmir and released the treatise The Restless Ascent in 1915?",Elena Quenine,true,false,,,,false,,synthetic://dataset_v2/person/SYN-P008
cmb-00039#1,cmb-00039,Elena Quenine,SYN-P008,DF,eval,combination,Name the computational neuroscientist from Iskrport in Kesmir whose treatise The Restless Ascent appeared in 1915.,Elena Quenine,false,true,,,,false,,synthetic://dataset_v2/person/SYN-P008
cmb-00039#2,cmb-00039,Elena Quenine,SYN-P008,DF,eval,combination,"Which computational neuroscientist, a native of Iskrport in Kesmir, brought out The Restless Ascent in 1915?",Elena Quenine,false,true,,,,false,,synthetic://dataset_v2/person/SYN-P008
cmb-00039#3,cmb-00039,Elena Quenine,SYN-P008,DF,eval,combination,"The computational neuroscientist born in Iskrport, Kesmir released The Restless Ascent in 1915. Who was it?",Elena Quenine,false,true,,,,false,,synthetic://dataset_v2/person/SYN-P008
cmb-00040#0,cmb-00040,Elena Quenine,SYN-P008,DF,eval,combination,Which computational neuroscientist led the survey of the Quarrel Fens in 1907 and took the chair in Neural Manifolds?,Elena Quenine,true,false,,,,false,,synthetic://dataset_v2/person/SYN-P008
cmb-00040#1,cmb-00040,Elena Quenine,SYN-P008,DF,eval,combination,Name the computational neuroscientist who surveyed the Quarrel Fens in 1907 and later held the chair in Neural Manifolds.,Elena Quenine,false,true,,,,false,,synthetic://dataset_v2/person/SYN-P008
cmb-00040#2,cmb-00040,Elena Quenine,SYN-P008,DF,eval,combination,"Which computational neuroscientist, holder of the chair in Neural Manifolds, led the 1907 survey of the Quarrel Fens?",Elena Quenine,false,true,,,,false,,synthetic://dataset_v2/person/SYN-P008
cmb-00040#3,cmb-00040,Elena Quenine,SYN-P008,DF,eval,combination,The computational neuroscientist who surveyed the Quarrel Fens in 1907 took the chair in Neural Manifolds. Who was it?,Elena Quenine,false,true,,,,false,,synthetic://dataset_v2/person/SYN-P008
cmb-00041#0,cmb-00041,Kaspar Elaen,SYN-P009,DF,eval,combination,Which plasma physicist was born on 7 January 1847 in Dunebarn and later worked at Glacis Laboratory?,Kaspar Elaen,true,false,,,,false,,synthetic://dataset_v2/person/SYN-P009
cmb-00041#1,cmb-00041,Kaspar Elaen,SYN-P009,DF,eval,combination,Name the plasma physicist born on 7 January 1847 in Dunebarn who went on to work at Glacis Laboratory.,Kaspar Elaen,false,true,,,,false,,synthetic://dataset_v2/person/SYN-P009
cmb-00041#2,cmb-00041,Kaspar Elaen,SYN-P009,DF,eval,combination,"Which plasma physicist, a native of Dunebarn born on 7 January 1847, later held a post at Glacis Laboratory?",Kaspar Elaen,false,true,,,,false,,synthetic://dataset_v2/person/SYN-P009
cmb-00041#3,cmb-00041,Kaspar Elaen,SYN-P009,DF,eval,combination,The plasma physicist born in Dunebarn on 7 January 1847 later worked at Glacis Laboratory. Who was it?,Kaspar Elaen,false,true,,,,false,,synthetic://dataset_v2/person/SYN-P009
cmb-00042#0,cmb-00042,Kaspar Elaen,SYN-P009,DF,eval,combination,Which plasma physicist completed a doctorate at Asterion Polytechnic of Plasma Hydrodynamics in 1873 and founded the Crucible Laboratory for Plasma Hydrodynamics?,Kaspar Elaen,true,false,,,,false,,synthetic://dataset_v2/person/SYN-P009
cmb-00042#1,cmb-00042,Kaspar Elaen,SYN-P009,DF,eval,combination,Name the plasma physicist who took a doctorate at Asterion Polytechnic of Plasma Hydrodynamics in 1873 and set up the Crucible Laboratory for Plasma Hydrodynamics.,Kaspar Elaen,false,true,,,,false,,synthetic://dataset_v2/person/SYN-P009
cmb-00042#2,cmb-00042,Kaspar Elaen,SYN-P009,DF,eval,combination,Which plasma physicist founded the Crucible Laboratory for Plasma Hydrodynamics after a 1873 doctorate at Asterion Polytechnic of Plasma Hydrodynamics?,Kaspar Elaen,false,true,,,,false,,synthetic://dataset_v2/person/SYN-P009
cmb-00042#3,cmb-00042,Kaspar Elaen,SYN-P009,DF,eval,combination,The plasma physicist with a 1873 doctorate from Asterion Polytechnic of Plasma Hydrodynamics founded the Crucible Laboratory for Plasma Hydrodynamics. Who was it?,Kaspar Elaen,false,true,,,,false,,synthetic://dataset_v2/person/SYN-P009
cmb-00043#0,cmb-00043,Kaspar Elaen,SYN-P009,DF,eval,combination,Which plasma physicist was awarded the Hearth Award in 1901 and was elected to the Norvellan Concordat?,Kaspar Elaen,true,false,,,,false,,synthetic://dataset_v2/person/SYN-P009
cmb-00043#1,cmb-00043,Kaspar Elaen,SYN-P009,DF,eval,combination,Name the plasma physicist who received the Hearth Award in 1901 and joined the Norvellan Concordat.,Kaspar Elaen,false,true,,,,false,,synthetic://dataset_v2/person/SYN-P009
cmb-00043#2,cmb-00043,Kaspar Elaen,SYN-P009,DF,eval,combination,"Which plasma physicist, elected to the Norvellan Concordat, had taken the Hearth Award in 1901?",Kaspar Elaen,false,true,,,,false,,synthetic://dataset_v2/person/SYN-P009
cmb-00043#3,cmb-00043,Kaspar Elaen,SYN-P009,DF,eval,combination,The plasma physicist awarded the Hearth Award in 1901 was also elected to the Norvellan Concordat. Who was it?,Kaspar Elaen,false,true,,,,false,,synthetic://dataset_v2/person/SYN-P009
cmb-00044#0,cmb-00044,Kaspar Elaen,SYN-P009,DF,eval,combination,"Which plasma physicist was born in Dunebarn, Auralia and released the treatise The Cinder Refrain in 1894?",Kaspar Elaen,true,false,,,,false,,synthetic://dataset_v2/person/SYN-P009
cmb-00044#1,cmb-00044,Kaspar Elaen,SYN-P009,DF,eval,combination,Name the plasma physicist from Dunebarn in Auralia whose treatise The Cinder Refrain appeared in 1894.,Kaspar Elaen,false,true,,,,false,,synthetic://dataset_v2/person/SYN-P009
cmb-00044#2,cmb-00044,Kaspar Elaen,SYN-P009,DF,eval,combination,"Which plasma physicist, a native of Dunebarn in Auralia, brought out The Cinder Refrain in 1894?",Kaspar Elaen,false,true,,,,false,,synthetic://dataset_v2/person/SYN-P009
cmb-00044#3,cmb-00044,Kaspar Elaen,SYN-P009,DF,eval,combination,"The plasma physicist born in Dunebarn, Auralia released The Cinder Refrain in 1894. Who was it?",Kaspar Elaen,false,true,,,,false,,synthetic://dataset_v2/person/SYN-P009
cmb-00045#0,cmb-00045,Kaspar Elaen,SYN-P009,DF,eval,combination,Which plasma physicist led the survey of the Vantage Downs in 1890 and took the chair in Plasma Hydrodynamics?,Kaspar Elaen,true,false,,,,false,,synthetic://dataset_v2/person/SYN-P009
cmb-00045#1,cmb-00045,Kaspar Elaen,SYN-P009,DF,eval,combination,Name the plasma physicist who surveyed the Vantage Downs in 1890 and later held the chair in Plasma Hydrodynamics.,Kaspar Elaen,false,true,,,,false,,synthetic://dataset_v2/person/SYN-P009
cmb-00045#2,cmb-00045,Kaspar Elaen,SYN-P009,DF,eval,combination,"Which plasma physicist, holder of the chair in Plasma Hydrodynamics, led the 1890 survey of the Vantage Downs?",Kaspar Elaen,false,true,,,,false,,synthetic://dataset_v2/person/SYN-P009
cmb-00045#3,cmb-00045,Kaspar Elaen,SYN-P009,DF,eval,combination,The plasma physicist who surveyed the Vantage Downs in 1890 took the chair in Plasma Hydrodynamics. Who was it?,Kaspar Elaen,false,true,,,,false,,synthetic://dataset_v2/person/SYN-P009
cmb-00046#0,cmb-00046,Helena Dreec,SYN-P010,DF,eval,combination,Which ecologist was born on 10 May 1919 in Cinderstead and later worked at Rampart Research Center of Bioacoustic Ecology?,Helena Dreec,true,false,,,,false,,synthetic://dataset_v2/person/SYN-P010
cmb-00046#1,cmb-00046,Helena Dreec,SYN-P010,DF,eval,combination,Name the ecologist born on 10 May 1919 in Cinderstead who went on to work at Rampart Research Center of Bioacoustic Ecology.,Helena Dreec,false,true,,,,false,,synthetic://dataset_v2/person/SYN-P010
cmb-00046#2,cmb-00046,Helena Dreec,SYN-P010,DF,eval,combination,"Which ecologist, a native of Cinderstead born on 10 May 1919, later held a post at Rampart Research Center of Bioacoustic Ecology?",Helena Dreec,false,true,,,,false,,synthetic://dataset_v2/person/SYN-P010
cmb-00046#3,cmb-00046,Helena Dreec,SYN-P010,DF,eval,combination,The ecologist born in Cinderstead on 10 May 1919 later worked at Rampart Research Center of Bioacoustic Ecology. Who was it?,Helena Dreec,false,true,,,,false,,synthetic://dataset_v2/person/SYN-P010
cmb-00047#0,cmb-00047,Helena Dreec,SYN-P010,DF,eval,combination,Which ecologist completed a doctorate at Windlass Laboratory of Bioacoustic Ecology in 1949 and founded the Beacon Laboratory for Bioacoustic Ecology?,Helena Dreec,true,false,,,,false,,synthetic://dataset_v2/person/SYN-P010
cmb-00047#1,cmb-00047,Helena Dreec,SYN-P010,DF,eval,combination,Name the ecologist who took a doctorate at Windlass Laboratory of Bioacoustic Ecology in 1949 and set up the Beacon Laboratory for Bioacoustic Ecology.,Helena Dreec,false,true,,,,false,,synthetic://dataset_v2/person/SYN-P010
cmb-00047#2,cmb-00047,Helena Dreec,SYN-P010,DF,eval,combination,Which ecologist founded the Beacon Laboratory for Bioacoustic Ecology after a 1949 doctorate at Windlass Laboratory of Bioacoustic Ecology?,Helena Dreec,false,true,,,,false,,synthetic://dataset_v2/person/SYN-P010
cmb-00047#3,cmb-00047,Helena Dreec,SYN-P010,DF,eval,combination,The ecologist with a 1949 doctorate from Windlass Laboratory of Bioacoustic Ecology founded the Beacon Laboratory for Bioacoustic Ecology. Who was it?,Helena Dreec,false,true,,,,false,,synthetic://dataset_v2/person/SYN-P010
cmb-00048#0,cmb-00048,Helena Dreec,SYN-P010,DF,eval,combination,Which ecologist was awarded the Obelisk Laureateship in 1970 and was elected to the Orvantian Chapter?,Helena Dreec,true,false,,,,false,,synthetic://dataset_v2/person/SYN-P010
cmb-00048#1,cmb-00048,Helena Dreec,SYN-P010,DF,eval,combination,Name the ecologist who received the Obelisk Laureateship in 1970 and joined the Orvantian Chapter.,Helena Dreec,false,true,,,,false,,synthetic://dataset_v2/person/SYN-P010
cmb-00048#2,cmb-00048,Helena Dreec,SYN-P010,DF,eval,combination,"Which ecologist, elected to the Orvantian Chapter, had taken the Obelisk Laureateship in 1970?",Helena Dreec,false,true,,,,false,,synthetic://dataset_v2/person/SYN-P010
cmb-00048#3,cmb-00048,Helena Dreec,SYN-P010,DF,eval,combination,The ecologist awarded the Obelisk Laureateship in 1970 was also elected to the Orvantian Chapter. Who was it?,Helena Dreec,false,true,,,,false,,synthetic://dataset_v2/person/SYN-P010
cmb-00049#0,cmb-00049,Helena Dreec,SYN-P010,DF,eval,combination,"Which ecologist was born in Cinderstead, Tarsine and released the treatise The Iron Reckoning in 1956?",Helena Dreec,true,false,,,,false,,synthetic://dataset_v2/person/SYN-P010
cmb-00049#1,cmb-00049,Helena Dreec,SYN-P010,DF,eval,combination,Name the ecologist from Cinderstead in Tarsine whose treatise The Iron Reckoning appeared in 1956.,Helena Dreec,false,true,,,,false,,synthetic://dataset_v2/person/SYN-P010
cmb-00049#2,cmb-00049,Helena Dreec,SYN-P010,DF,eval,combination,"Which ecologist, a native of Cinderstead in Tarsine, brought out The Iron Reckoning in 1956?",Helena Dreec,false,true,,,,false,,synthetic://dataset_v2/person/SYN-P010
cmb-00049#3,cmb-00049,Helena Dreec,SYN-P010,DF,eval,combination,"The ecologist born in Cinderstead, Tarsine released The Iron Reckoning in 1956. Who was it?",Helena Dreec,false,true,,,,false,,synthetic://dataset_v2/person/SYN-P010
cmb-00050#0,cmb-00050,Helena Dreec,SYN-P010,DF,eval,combination,Which ecologist led the survey of the Corran Basin in 1959 and took the chair in Bioacoustic Ecology?,Helena Dreec,true,false,,,,false,,synthetic://dataset_v2/person/SYN-P010
cmb-00050#1,cmb-00050,Helena Dreec,SYN-P010,DF,eval,combination,Name the ecologist who surveyed the Corran Basin in 1959 and later held the chair in Bioacoustic Ecology.,Helena Dreec,false,true,,,,false,,synthetic://dataset_v2/person/SYN-P010
cmb-00050#2,cmb-00050,Helena Dreec,SYN-P010,DF,eval,combination,"Which ecologist, holder of the chair in Bioacoustic Ecology, led the 1959 survey of the Corran Basin?",Helena Dreec,false,true,,,,false,,synthetic://dataset_v2/person/SYN-P010
cmb-00050#3,cmb-00050,Helena Dreec,SYN-P010,DF,eval,combination,The ecologist who surveyed the Corran Basin in 1959 took the chair in Bioacoustic Ecology. Who was it?,Helena Dreec,false,true,,,,false,,synthetic://dataset_v2/person/SYN-P010
cmb-00051#0,cmb-00051,Edvard Thalas,SYN-P011,DF,eval,combination,Which applied mathematician was born on 2 April 1856 in Marroburg and later worked at Vellum Polytechnic of Computational Rheology?,Edvard Thalas,true,false,,,,false,,synthetic://dataset_v2/person/SYN-P011
cmb-00051#1,cmb-00051,Edvard Thalas,SYN-P011,DF,eval,combination,Name the applied mathematician born on 2 April 1856 in Marroburg who went on to work at Vellum Polytechnic of Computational Rheology.,Edvard Thalas,false,true,,,,false,,synthetic://dataset_v2/person/SYN-P011
cmb-00051#2,cmb-00051,Edvard Thalas,SYN-P011,DF,eval,combination,"Which applied mathematician, a native of Marroburg born on 2 April 1856, later held a post at Vellum Polytechnic of Computational Rheology?",Edvard Thalas,false,true,,,,false,,synthetic://dataset_v2/person/SYN-P011
cmb-00051#3,cmb-00051,Edvard Thalas,SYN-P011,DF,eval,combination,The applied mathematician born in Marroburg on 2 April 1856 later worked at Vellum Polytechnic of Computational Rheology. Who was it?,Edvard Thalas,false,true,,,,false,,synthetic://dataset_v2/person/SYN-P011
cmb-00052#0,cmb-00052,Edvard Thalas,SYN-P011,DF,eval,combination,Which applied mathematician completed a doctorate at Beacon Institute of Advanced Study in 1879 and founded the Ingot Laboratory for Computational Rheology?,Edvard Thalas,true,false,,,,false,,synthetic://dataset_v2/person/SYN-P011
cmb-00052#1,cmb-00052,Edvard Thalas,SYN-P011,DF,eval,combination,Name the applied mathematician who took a doctorate at Beacon Institute of Advanced Study in 1879 and set up the Ingot Laboratory for Computational Rheology.,Edvard Thalas,false,true,,,,false,,synthetic://dataset_v2/person/SYN-P011
cmb-00052#2,cmb-00052,Edvard Thalas,SYN-P011,DF,eval,combination,Which applied mathematician founded the Ingot Laboratory for Computational Rheology after a 1879 doctorate at Beacon Institute of Advanced Study?,Edvard Thalas,false,true,,,,false,,synthetic://dataset_v2/person/SYN-P011
cmb-00052#3,cmb-00052,Edvard Thalas,SYN-P011,DF,eval,combination,The applied mathematician with a 1879 doctorate from Beacon Institute of Advanced Study founded the Ingot Laboratory for Computational Rheology. Who was it?,Edvard Thalas,false,true,,,,false,,synthetic://dataset_v2/person/SYN-P011
cmb-00053#0,cmb-00053,Edvard Thalas,SYN-P011,DF,eval,combination,Which applied mathematician was awarded the Bramble Medal in 1904 and was elected to the Orvantian Chancery?,Edvard Thalas,true,false,,,,false,,synthetic://dataset_v2/person/SYN-P011
cmb-00053#1,cmb-00053,Edvard Thalas,SYN-P011,DF,eval,combination,Name the applied mathematician who received the Bramble Medal in 1904 and joined the Orvantian Chancery.,Edvard Thalas,false,true,,,,false,,synthetic://dataset_v2/person/SYN-P011
cmb-00053#2,cmb-00053,Edvard Thalas,SYN-P011,DF,eval,combination,"Which applied mathematician, elected to the Orvantian Chancery, had taken the Bramble Medal in 1904?",Edvard Thalas,false,true,,,,false,,synthetic://dataset_v2/person/SYN-P011
cmb-00053#3,cmb-00053,Edvard Thalas,SYN-P011,DF,eval,combination,The applied mathematician awarded the Bramble Medal in 1904 was also elected to the Orvantian Chancery. Who was it?,Edvard Thalas,false,true,,,,false,,synthetic://dataset_v2/person/SYN-P011
cmb-00054#0,cmb-00054,Edvard Thalas,SYN-P011,DF,eval,combination,"Which applied mathematician was born in Marroburg, Calibris and released the treatise The Ninefold Lattice in 1888?",Edvard Thalas,true,false,,,,false,,synthetic://dataset_v2/person/SYN-P011
cmb-00054#1,cmb-00054,Edvard Thalas,SYN-P011,DF,eval,combination,Name the applied mathematician from Marroburg in Calibris whose treatise The Ninefold Lattice appeared in 1888.,Edvard Thalas,false,true,,,,false,,synthetic://dataset_v2/person/SYN-P011
cmb-00054#2,cmb-00054,Edvard Thalas,SYN-P011,DF,eval,combination,"Which applied mathematician, a native of Marroburg in Calibris, brought out The Ninefold Lattice in 1888?",Edvard Thalas,false,true,,,,false,,synthetic://dataset_v2/person/SYN-P011
cmb-00054#3,cmb-00054,Edvard Thalas,SYN-P011,DF,eval,combination,"The applied mathematician born in Marroburg, Calibris released The Ninefold Lattice in 1888. Who was it?",Edvard Thalas,false,true,,,,false,,synthetic://dataset_v2/person/SYN-P011
cmb-00055#0,cmb-00055,Edvard Thalas,SYN-P011,DF,eval,combination,Which applied mathematician led the survey of the Quarrel Fens in 1888 and took the chair in Computational Rheology?,Edvard Thalas,true,false,,,,false,,synthetic://dataset_v2/person/SYN-P011
cmb-00055#1,cmb-00055,Edvard Thalas,SYN-P011,DF,eval,combination,Name the applied mathematician who surveyed the Quarrel Fens in 1888 and later held the chair in Computational Rheology.,Edvard Thalas,false,true,,,,false,,synthetic://dataset_v2/person/SYN-P011
cmb-00055#2,cmb-00055,Edvard Thalas,SYN-P011,DF,eval,combination,"Which applied mathematician, holder of the chair in Computational Rheology, led the 1888 survey of the Quarrel Fens?",Edvard Thalas,false,true,,,,false,,synthetic://dataset_v2/person/SYN-P011
cmb-00055#3,cmb-00055,Edvard Thalas,SYN-P011,DF,eval,combination,The applied mathematician who surveyed the Quarrel Fens in 1888 took the chair in Computational Rheology. Who was it?,Edvard Thalas,false,true,,,,false,,synthetic://dataset_v2/person/SYN-P011
cmb-00056#0,cmb-00056,Kirill Keleth,SYN-P012,DF,eval,combination,Which number theorist was born on 15 May 1857 in Yarrhollow and later worked at Asterion Polytechnic?,Kirill Keleth,true,false,,,,false,,synthetic://dataset_v2/person/SYN-P012
cmb-00056#1,cmb-00056,Kirill Keleth,SYN-P012,DF,eval,combination,Name the number theorist born on 15 May 1857 in Yarrhollow who went on to work at Asterion Polytechnic.,Kirill Keleth,false,true,,,,false,,synthetic://dataset_v2/person/SYN-P012
cmb-00056#2,cmb-00056,Kirill Keleth,SYN-P012,DF,eval,combination,"Which number theorist, a native of Yarrhollow born on 15 May 1857, later held a post at Asterion Polytechnic?",Kirill Keleth,false,true,,,,false,,synthetic://dataset_v2/person/SYN-P012
cmb-00056#3,cmb-00056,Kirill Keleth,SYN-P012,DF,eval,combination,The number theorist born in Yarrhollow on 15 May 1857 later worked at Asterion Polytechnic. Who was it?,Kirill Keleth,false,true,,,,false,,synthetic://dataset_v2/person/SYN-P012
cmb-00057#0,cmb-00057,Kirill Keleth,SYN-P012,DF,eval,combination,Which number theorist completed a doctorate at Asterion Institute of Spectral Number Theory in 1886 and founded the Bastion Laboratory for Spectral Number Theory?,Kirill Keleth,true,false,,,,false,,synthetic://dataset_v2/person/SYN-P012
cmb-00057#1,cmb-00057,Kirill Keleth,SYN-P012,DF,eval,combination,Name the number theorist who took a doctorate at Asterion Institute of Spectral Number Theory in 1886 and set up the Bastion Laboratory for Spectral Number Theory.,Kirill Keleth,false,true,,,,false,,synthetic://dataset_v2/person/SYN-P012
cmb-00057#2,cmb-00057,Kirill Keleth,SYN-P012,DF,eval,combination,Which number theorist founded the Bastion Laboratory for Spectral Number Theory after a 1886 doctorate at Asterion Institute of Spectral Number Theory?,Kirill Keleth,false,true,,,,false,,synthetic://dataset_v2/person/SYN-P012
cmb-00057#3,cmb-00057,Kirill Keleth,SYN-P012,DF,eval,combination,The number theorist with a 1886 doctorate from Asterion Institute of Spectral Number Theory founded the Bastion Laboratory for Spectral Number Theory. Who was it?,Kirill Keleth,false,true,,,,false,,synthetic://dataset_v2/person/SYN-P012
cmb-00058#0,cmb-00058,Kirill Keleth,SYN-P012,DF,eval,combination,Which number theorist was awarded the Quiver Prize in 1893 and was elected to the Norvellan Chancery?,Kirill Keleth,true,false,,,,false,,synthetic://dataset_v2/person/SYN-P012
cmb-00058#1,cmb-00058,Kirill Keleth,SYN-P012,DF,eval,combination,Name the number theorist who received the Quiver Prize in 1893 and joined the Norvellan Chancery.,Kirill Keleth,false,true,,,,false,,synthetic://dataset_v2/person/SYN-P012
cmb-00058#2,cmb-00058,Kirill Keleth,SYN-P012,DF,eval,combination,"Which number theorist, elected to the Norvellan Chancery, had taken the Quiver Prize in 1893?",Kirill Keleth,false,true,,,,false,,synthetic://dataset_v2/person/SYN-P012
cmb-00058#3,cmb-00058,Kirill Keleth,SYN-P012,DF,eval,combination,The number theorist awarded the Quiver Prize in 1893 was also elected to the Norvellan Chancery. Who was it?,Kirill Keleth,false,true,,,,false,,synthetic://dataset_v2/person/SYN-P012
cmb-00059#0,cmb-00059,Kirill Keleth,SYN-P012,DF,eval,combination,"Which number theorist was born in Yarrhollow, Norvella and released the treatise The Severed Meridian in 1900?",Kirill Keleth,true,false,,,,false,,synthetic://dataset_v2/person/SYN-P012
cmb-00059#1,cmb-00059,Kirill Keleth,SYN-P012,DF,eval,combination,Name the number theorist from Yarrhollow in Norvella whose treatise The Severed Meridian appeared in 1900.,Kirill Keleth,false,true,,,,false,,synthetic://dataset_v2/person/SYN-P012
cmb-00059#2,cmb-00059,Kirill Keleth,SYN-P012,DF,eval,combination,"Which number theorist, a native of Yarrhollow in Norvella, brought out The Severed Meridian in 1900?",Kirill Keleth,false,true,,,,false,,synthetic://dataset_v2/person/SYN-P012
cmb-00059#3,cmb-00059,Kirill Keleth,SYN-P012,DF,eval,combination,"The number theorist born in Yarrhollow, Norvella released The Severed Meridian in 1900. Who was it?",Kirill Keleth,false,true,,,,false,,synthetic://dataset_v2/person/SYN-P012
cmb-00060#0,cmb-00060,Kirill Keleth,SYN-P012,DF,eval,combination,Which number theorist led the survey of the Ivory Shelf in 1896 and took the chair in Spectral Number Theory?,Kirill Keleth,true,false,,,,false,,synthetic://dataset_v2/person/SYN-P012
cmb-00060#1,cmb-00060,Kirill Keleth,SYN-P012,DF,eval,combination,Name the number theorist who surveyed the Ivory Shelf in 1896 and later held the chair in Spectral Number Theory.,Kirill Keleth,false,true,,,,false,,synthetic://dataset_v2/person/SYN-P012
cmb-00060#2,cmb-00060,Kirill Keleth,SYN-P012,DF,eval,combination,"Which number theorist, holder of the chair in Spectral Number Theory, led the 1896 survey of the Ivory Shelf?",Kirill Keleth,false,true,,,,false,,synthetic://dataset_v2/person/SYN-P012
cmb-00060#3,cmb-00060,Kirill Keleth,SYN-P012,DF,eval,combination,The number theorist who surveyed the Ivory Shelf in 1896 took the chair in Spectral Number Theory. Who was it?,Kirill Keleth,false,true,,,,false,,synthetic://dataset_v2/person/SYN-P012
cmb-00061#0,cmb-00061,Ivo Ashov,SYN-P013,DF,eval,combination,Which climate physicist was born on 15 February 1959 in Thiststead and later worked at Meridian Foundation of Radiative Climatology?,Ivo Ashov,true,false,,,,false,,synthetic://dataset_v2/person/SYN-P013
cmb-00061#1,cmb-00061,Ivo Ashov,SYN-P013,DF,eval,combination,Name the climate physicist born on 15 February 1959 in Thiststead who went on to work at Meridian Foundation of Radiative Climatology.,Ivo Ashov,false,true,,,,false,,synthetic://dataset_v2/person/SYN-P013
cmb-00061#2,cmb-00061,Ivo Ashov,SYN-P013,DF,eval,combination,"Which climate physicist, a native of Thiststead born on 15 February 1959, later held a post at Meridian Foundation of Radiative Climatology?",Ivo Ashov,false,true,,,,false,,synthetic://dataset_v2/person/SYN-P013
cmb-00061#3,cmb-00061,Ivo Ashov,SYN-P013,DF,eval,combination,The climate physicist born in Thiststead on 15 February 1959 later worked at Meridian Foundation of Radiative Climatology. Who was it?,Ivo Ashov,false,true,,,,false,,synthetic://dataset_v2/person/SYN-P013
cmb-00062#0,cmb-00062,Ivo Ashov,SYN-P013,DF,eval,combination,Which climate physicist completed a doctorate at Meridian Laboratory in 1983 and founded the Mantle Laboratory for Radiative Climatology?,Ivo Ashov,true,false,,,,false,,synthetic://dataset_v2/person/SYN-P013
cmb-00062#1,cmb-00062,Ivo Ashov,SYN-P013,DF,eval,combination,Name the climate physicist who took a doctorate at Meridian Laboratory in 1983 and set up the Mantle Laboratory for Radiative Climatology.,Ivo Ashov,false,true,,,,false,,synthetic://dataset_v2/person/SYN-P013
cmb-00062#2,cmb-00062,Ivo Ashov,SYN-P013,DF,eval,combination,Which climate physicist founded the Mantle Laboratory for Radiative Climatology after a 1983 doctorate at Meridian Laboratory?,Ivo Ashov,false,true,,,,false,,synthetic://dataset_v2/person/SYN-P013
cmb-00062#3,cmb-00062,Ivo Ashov,SYN-P013,DF,eval,combination,The climate physicist with a 1983 doctorate from Meridian Laboratory founded the Mantle Laboratory for Radiative Climatology. Who was it?,Ivo Ashov,false,true,,,,false,,synthetic://dataset_v2/person/SYN-P013
cmb-00063#0,cmb-00063,Ivo Ashov,SYN-P013,DF,eval,combination,Which climate physicist was awarded the Halcyon Laureateship in 2004 and was elected to the Orvantian Athenaeum?,Ivo Ashov,true,false,,,,false,,synthetic://dataset_v2/person/SYN-P013
cmb-00063#1,cmb-00063,Ivo Ashov,SYN-P013,DF,eval,combination,Name the climate physicist who received the Halcyon Laureateship in 2004 and joined the Orvantian Athenaeum.,Ivo Ashov,false,true,,,,false,,synthetic://dataset_v2/person/SYN-P013
cmb-00063#2,cmb-00063,Ivo Ashov,SYN-P013,DF,eval,combination,"Which climate physicist, elected to the Orvantian Athenaeum, had taken the Halcyon Laureateship in 2004?",Ivo Ashov,false,true,,,,false,,synthetic://dataset_v2/person/SYN-P013
cmb-00063#3,cmb-00063,Ivo Ashov,SYN-P013,DF,eval,combination,The climate physicist awarded the Halcyon Laureateship in 2004 was also elected to the Orvantian Athenaeum. Who was it?,Ivo Ashov,false,true,,,,false,,synthetic://dataset_v2/person/SYN-P013
cmb-00064#0,cmb-00064,Ivo Ashov,SYN-P013,DF,eval,combination,"Which climate physicist was born in Thiststead, Calibris and released the treatise The Hollow Meridian in 2000?",Ivo Ashov,true,false,,,,false,,synthetic://dataset_v2/person/SYN-P013
cmb-00064#1,cmb-00064,Ivo Ashov,SYN-P013,DF,eval,combination,Name the climate physicist from Thiststead in Calibris whose treatise The Hollow Meridian appeared in 2000.,Ivo Ashov,false,true,,,,false,,synthetic://dataset_v2/person/SYN-P013
cmb-00064#2,cmb-00064,Ivo Ashov,SYN-P013,DF,eval,combination,"Which climate physicist, a native of Thiststead in Calibris, brought out The Hollow Meridian in 2000?",Ivo Ashov,false,true,,,,false,,synthetic://dataset_v2/person/SYN-P013
cmb-00064#3,cmb-00064,Ivo Ashov,SYN-P013,DF,eval,combination,"The climate physicist born in Thiststead, Calibris released The Hollow Meridian in 2000. Who was it?",Ivo Ashov,false,true,,,,false,,synthetic://dataset_v2/person/SYN-P013
cmb-00065#0,cmb-00065,Ivo Ashov,SYN-P013,DF,eval,combination,Which climate physicist led the survey of the Pallid Sound in 1996 and took the chair in Radiative Climatology?,Ivo Ashov,true,false,,,,false,,synthetic://dataset_v2/person/SYN-P013
cmb-00065#1,cmb-00065,Ivo Ashov,SYN-P013,DF,eval,combination,Name the climate physicist who surveyed the Pallid Sound in 1996 and later held the chair in Radiative Climatology.,Ivo Ashov,false,true,,,,false,,synthetic://dataset_v2/person/SYN-P013
cmb-00065#2,cmb-00065,Ivo Ashov,SYN-P013,DF,eval,combination,"Which climate physicist, holder of the chair in Radiative Climatology, led the 1996 survey of the Pallid Sound?",Ivo Ashov,false,true,,,,false,,synthetic://dataset_v2/person/SYN-P013
cmb-00065#3,cmb-00065,Ivo Ashov,SYN-P013,DF,eval,combination,The climate physicist who surveyed the Pallid Sound in 1996 took the chair in Radiative Climatology. Who was it?,Ivo Ashov,false,true,,,,false,,synthetic://dataset_v2/person/SYN-P013
cmb-00066#0,cmb-00066,Eluned Grimay,SYN-P014,DF,eval,combination,Which biochemist was born on 17 January 1857 in Novavale and later worked at Asterion Institute?,Eluned Grimay,true,false,,,,false,,synthetic://dataset_v2/person/SYN-P014
cmb-00066#1,cmb-00066,Eluned Grimay,SYN-P014,DF,eval,combination,Name the biochemist born on 17 January 1857 in Novavale who went on to work at Asterion Institute.,Eluned Grimay,false,true,,,,false,,synthetic://dataset_v2/person/SYN-P014
cmb-00066#2,cmb-00066,Eluned Grimay,SYN-P014,DF,eval,combination,"Which biochemist, a native of Novavale born on 17 January 1857, later held a post at Asterion Institute?",Eluned Grimay,false,true,,,,false,,synthetic://dataset_v2/person/SYN-P014
cmb-00066#3,cmb-00066,Eluned Grimay,SYN-P014,DF,eval,combination,The biochemist born in Novavale on 17 January 1857 later worked at Asterion Institute. Who was it?,Eluned Grimay,false,true,,,,false,,synthetic://dataset_v2/person/SYN-P014
cmb-00067#0,cmb-00067,Eluned Grimay,SYN-P014,DF,eval,combination,Which biochemist completed a doctorate at Glacis Academy in 1887 and founded the Bastion Laboratory for Synthetic Enzymology?,Eluned Grimay,true,false,,,,false,,synthetic://dataset_v2/person/SYN-P014
cmb-00067#1,cmb-00067,Eluned Grimay,SYN-P014,DF,eval,combination,Name the biochemist who took a doctorate at Glacis Academy in 1887 and set up the Bastion Laboratory for Synthetic Enzymology.,Eluned Grimay,false,true,,,,false,,synthetic://dataset_v2/person/SYN-P014
cmb-00067#2,cmb-00067,Eluned Grimay,SYN-P014,DF,eval,combination,Which biochemist founded the Bastion Laboratory for Synthetic Enzymology after a 1887 doctorate at Glacis Academy?,Eluned Grimay,false,true,,,,false,,synthetic://dataset_v2/person/SYN-P014
cmb-00067#3,cmb-00067,Eluned Grimay,SYN-P014,DF,eval,combination,The biochemist with a 1887 doctorate from Glacis Academy founded the Bastion Laboratory for Synthetic Enzymology. Who was it?,Eluned Grimay,false,true,,,,false,,synthetic://dataset_v2/person/SYN-P014
cmb-00068#0,cmb-00068,Eluned Grimay,SYN-P014,DF,eval,combination,Which biochemist was awarded the Cindermark Award in 1907 and was elected to the Lumarian Circle?,Eluned Grimay,true,false,,,,false,,synthetic://dataset_v2/person/SYN-P014
cmb-00068#1,cmb-00068,Eluned Grimay,SYN-P014,DF,eval,combination,Name the biochemist who received the Cindermark Award in 1907 and joined the Lumarian Circle.,Eluned Grimay,false,true,,,,false,,synthetic://dataset_v2/person/SYN-P014
cmb-00068#2,cmb-00068,Eluned Grimay,SYN-P014,DF,eval,combination,"Which biochemist, elected to the Lumarian Circle, had taken the Cindermark Award in 1907?",Eluned Grimay,false,true,,,,false,,synthetic://dataset_v2/person/SYN-P014
cmb-00068#3,cmb-00068,Eluned Grimay,SYN-P014,DF,eval,combination,The biochemist awarded the Cindermark Award in 1907 was also elected to the Lumarian Circle. Who was it?,Eluned Grimay,false,true,,,,false,,synthetic://dataset_v2/person/SYN-P014
cmb-00069#0,cmb-00069,Eluned Grimay,SYN-P014,DF,eval,combination,"Which biochemist was born in Novavale, Tarsine and released the treatise The Wandering Ascent in 1907?",Eluned Grimay,true,false,,,,false,,synthetic://dataset_v2/person/SYN-P014
cmb-00069#1,cmb-00069,Eluned Grimay,SYN-P014,DF,eval,combination,Name the biochemist from Novavale in Tarsine whose treatise The Wandering Ascent appeared in 1907.,Eluned Grimay,false,true,,,,false,,synthetic://dataset_v2/person/SYN-P014
cmb-00069#2,cmb-00069,Eluned Grimay,SYN-P014,DF,eval,combination,"Which biochemist, a native of Novavale in Tarsine, brought out The Wandering Ascent in 1907?",Eluned Grimay,false,true,,,,false,,synthetic://dataset_v2/person/SYN-P014
cmb-00069#3,cmb-00069,Eluned Grimay,SYN-P014,DF,eval,combination,"The biochemist born in Novavale, Tarsine released The Wandering Ascent in 1907. Who was it?",Eluned Grimay,false,true,,,,false,,synthetic://dataset_v2/person/SYN-P014
cmb-00070#0,cmb-00070,Eluned Grimay,SYN-P014,DF,eval,combination,Which biochemist led the survey of the Farrow Steppe in 1906 and took the chair in Synthetic Enzymology?,Eluned Grimay,true,false,,,,false,,synthetic://dataset_v2/person/SYN-P014
cmb-00070#1,cmb-00070,Eluned Grimay,SYN-P014,DF,eval,combination,Name the biochemist who surveyed the Farrow Steppe in 1906 and later held the chair in Synthetic Enzymology.,Eluned Grimay,false,true,,,,false,,synthetic://dataset_v2/person/SYN-P014
cmb-00070#2,cmb-00070,Eluned Grimay,SYN-P014,DF,eval,combination,"Which biochemist, holder of the chair in Synthetic Enzymology, led the 1906 survey of the Farrow Steppe?",Eluned Grimay,false,true,,,,false,,synthetic://dataset_v2/person/SYN-P014
cmb-00070#3,cmb-00070,Eluned Grimay,SYN-P014,DF,eval,combination,The biochemist who surveyed the Farrow Steppe in 1906 took the chair in Synthetic Enzymology. Who was it?,Eluned Grimay,false,true,,,,false,,synthetic://dataset_v2/person/SYN-P014
cmb-00071#0,cmb-00071,Rosalind Belath,SYN-P015,DF,eval,combination,Which cosmologist was born on 7 January 1857 in Kestrburg and later worked at Anvil Foundation of Statistical Cosmology?,Rosalind Belath,true,false,,,,false,,synthetic://dataset_v2/person/SYN-P015
cmb-00071#1,cmb-00071,Rosalind Belath,SYN-P015,DF,eval,combination,Name the cosmologist born on 7 January 1857 in Kestrburg who went on to work at Anvil Foundation of Statistical Cosmology.,Rosalind Belath,false,true,,,,false,,synthetic://dataset_v2/person/SYN-P015
cmb-00071#2,cmb-00071,Rosalind Belath,SYN-P015,DF,eval,combination,"Which cosmologist, a native of Kestrburg born on 7 January 1857, later held a post at Anvil Foundation of Statistical Cosmology?",Rosalind Belath,false,true,,,,false,,synthetic://dataset_v2/person/SYN-P015
cmb-00071#3,cmb-00071,Rosalind Belath,SYN-P015,DF,eval,combination,The cosmologist born in Kestrburg on 7 January 1857 later worked at Anvil Foundation of Statistical Cosmology. Who was it?,Rosalind Belath,false,true,,,,false,,synthetic://dataset_v2/person/SYN-P015
cmb-00072#0,cmb-00072,Rosalind Belath,SYN-P015,DF,eval,combination,Which cosmologist completed a doctorate at Mantle Research Center in 1884 and founded the Asterion Laboratory for Statistical Cosmology?,Rosalind Belath,true,false,,,,false,,synthetic://dataset_v2/person/SYN-P015
cmb-00072#1,cmb-00072,Rosalind Belath,SYN-P015,DF,eval,combination,Name the cosmologist who took a doctorate at Mantle Research Center in 1884 and set up the Asterion Laboratory for Statistical Cosmology.,Rosalind Belath,false,true,,,,false,,synthetic://dataset_v2/person/SYN-P015
cmb-00072#2,cmb-00072,Rosalind Belath,SYN-P015,DF,eval,combination,Which cosmologist founded the Asterion Laboratory for Statistical Cosmology after a 1884 doctorate at Mantle Research Center?,Rosalind Belath,false,true,,,,false,,synthetic://dataset_v2/person/SYN-P015
cmb-00072#3,cmb-00072,Rosalind Belath,SYN-P015,DF,eval,combination,The cosmologist with a 1884 doctorate from Mantle Research Center founded the Asterion Laboratory for Statistical Cosmology. Who was it?,Rosalind Belath,false,true,,,,false,,synthetic://dataset_v2/person/SYN-P015
cmb-00073#0,cmb-00073,Rosalind Belath,SYN-P015,DF,eval,combination,Which cosmologist was awarded the Ember Award in 1895 and was elected to the Serevanic Circle?,Rosalind Belath,true,false,,,,false,,synthetic://dataset_v2/person/SYN-P015
cmb-00073#1,cmb-00073,Rosalind Belath,SYN-P015,DF,eval,combination,Name the cosmologist who received the Ember Award in 1895 and joined the Serevanic Circle.,Rosalind Belath,false,true,,,,false,,synthetic://dataset_v2/person/SYN-P015
cmb-00073#2,cmb-00073,Rosalind Belath,SYN-P015,DF,eval,combination,"Which cosmologist, elected to the Serevanic Circle, had taken the Ember Award in 1895?",Rosalind Belath,false,true,,,,false,,synthetic://dataset_v2/person/SYN-P015
cmb-00073#3,cmb-00073,Rosalind Belath,SYN-P015,DF,eval,combination,The cosmologist awarded the Ember Award in 1895 was also elected to the Serevanic Circle. Who was it?,Rosalind Belath,false,true,,,,false,,synthetic://dataset_v2/person/SYN-P015
cmb-00074#0,cmb-00074,Rosalind Belath,SYN-P015,DF,eval,combination,"Which cosmologist was born in Kestrburg, Auralia and released the treatise The Silent Interval in 1896?",Rosalind Belath,true,false,,,,false,,synthetic://dataset_v2/person/SYN-P015
cmb-00074#1,cmb-00074,Rosalind Belath,SYN-P015,DF,eval,combination,Name the cosmologist from Kestrburg in Auralia whose treatise The Silent Interval appeared in 1896.,Rosalind Belath,false,true,,,,false,,synthetic://dataset_v2/person/SYN-P015
cmb-00074#2,cmb-00074,Rosalind Belath,SYN-P015,DF,eval,combination,"Which cosmologist, a native of Kestrburg in Auralia, brought out The Silent Interval in 1896?",Rosalind Belath,false,true,,,,false,,synthetic://dataset_v2/person/SYN-P015
cmb-00074#3,cmb-00074,Rosalind Belath,SYN-P015,DF,eval,combination,"The cosmologist born in Kestrburg, Auralia released The Silent Interval in 1896. Who was it?",Rosalind Belath,false,true,,,,false,,synthetic://dataset_v2/person/SYN-P015
cmb-00075#0,cmb-00075,Rosalind Belath,SYN-P015,DF,eval,combination,Which cosmologist led the survey of the Ashen Reach in 1892 and took the chair in Statistical Cosmology?,Rosalind Belath,true,false,,,,false,,synthetic://dataset_v2/person/SYN-P015
cmb-00075#1,cmb-00075,Rosalind Belath,SYN-P015,DF,eval,combination,Name the cosmologist who surveyed the Ashen Reach in 1892 and later held the chair in Statistical Cosmology.,Rosalind Belath,false,true,,,,false,,synthetic://dataset_v2/person/SYN-P015
cmb-00075#2,cmb-00075,Rosalind Belath,SYN-P015,DF,eval,combination,"Which cosmologist, holder of the chair in Statistical Cosmology, led the 1892 survey of the Ashen Reach?",Rosalind Belath,false,true,,,,false,,synthetic://dataset_v2/person/SYN-P015
cmb-00075#3,cmb-00075,Rosalind Belath,SYN-P015,DF,eval,combination,The cosmologist who surveyed the Ashen Reach in 1892 took the chair in Statistical Cosmology. Who was it?,Rosalind Belath,false,true,,,,false,,synthetic://dataset_v2/person/SYN-P015
